applicant_id,gender,region_tier,age_band,age,education,employment_type,monthly_income_declared,loan_amount_requested,loan_tenure_months,loan_purpose,emi_to_income,is_new_to_credit,bureau_score,credit_history_months,num_existing_loans,enquiries_6m,upi_txn_count_3m,upi_inflow_median,upi_inflow_cv,upi_merchant_diversity,avg_balance_3m,days_balance_below_500,salary_regularity,mobile_tenure_months,recharge_regularity,utility_ontime_ratio,sim_changes_12m,default_12m
APP0000188,female,metro,31-40,33,graduate,agri,5000.0,37100.0,12,consumer_durable,0.7234,0,487.0,26.0,6,0,55,861.37,1.1493,9,426.65,39,0.0,68.0,0.3021,0.3987,0,1
APP0000342,male,tier2,31-40,37,upto_secondary,self_employed,7200.0,24300.0,36,medical,0.1097,1,,,0,1,41,945.07,0.5727,8,753.26,44,0.0,51.0,0.574,0.9372,0,0
APP0000409,female,tier3,21-30,28,higher_secondary,self_employed,5900.0,32900.0,36,consumer_durable,0.1812,1,,,0,1,50,967.87,1.1105,13,957.16,42,0.0,35.0,0.6506,0.3365,1,0
APP0000507,male,tier3,21-30,30,postgraduate,salaried_formal,17100.0,34400.0,12,business_working_capital,0.1961,1,,,0,1,55,2304.82,0.4841,9,1846.01,18,0.6424,41.0,0.4665,0.7136,0,0
APP0000938,male,tier2,31-40,32,higher_secondary,self_employed,6700.0,18500.0,36,education,0.0897,1,,,0,0,45,1596.91,0.7278,8,863.51,29,0.0778,67.0,0.3931,0.5647,0,1
APP0000985,female,rural,21-30,26,upto_secondary,self_employed,5700.0,37600.0,12,consumer_durable,0.6432,1,,,0,1,54,1092.64,1.0683,14,1370.62,20,0.743,139.0,0.6477,0.9979,0,1
APP0001040,male,tier2,31-40,37,higher_secondary,gig_worker,10500.0,60400.0,24,business_working_capital,0.2804,0,617.0,53.0,1,2,60,2304.73,0.6067,10,756.91,22,0.3414,15.0,0.6971,0.9387,1,0
APP0001073,female,tier2,31-40,34,higher_secondary,self_employed,5400.0,12300.0,18,two_wheeler,0.1481,0,570.0,38.0,2,0,43,1757.27,1.2886,8,427.45,44,0.0,44.0,0.5346,0.5884,0,1
APP0001174,male,metro,41-50,42,graduate,agri,6400.0,33400.0,24,business_working_capital,0.2544,0,621.0,87.0,0,3,57,1080.52,0.7919,8,2171.93,27,0.1234,26.0,0.3869,0.0706,0,1
APP0001186,male,metro,21-30,28,graduate,gig_worker,7600.0,44100.0,18,consumer_durable,0.3772,1,,,0,3,62,1536.79,1.1332,12,3591.15,27,0.5611,17.0,0.492,0.2927,0,1
APP0001379,female,tier3,31-40,31,upto_secondary,salaried_informal,5000.0,15800.0,6,consumer_durable,0.6162,1,,,0,3,49,1956.99,1.0218,7,731.72,41,0.0,28.0,0.1556,0.4975,1,1
APP0001467,female,rural,21-30,26,upto_secondary,gig_worker,5800.0,34700.0,24,education,0.2917,1,,,0,1,43,1579.6,0.7766,8,495.58,46,0.0,45.0,0.326,0.627,0,1
APP0001501,male,tier3,21-30,25,graduate,gig_worker,6000.0,34100.0,12,consumer_durable,0.5541,1,,,0,4,44,1988.76,0.2327,4,846.73,19,0.1556,90.0,0.362,0.6029,3,1
APP0001527,male,tier2,31-40,34,graduate,self_employed,10300.0,56200.0,24,business_working_capital,0.266,0,687.0,31.0,3,0,65,1648.09,0.3661,7,3411.36,10,0.8446,38.0,0.3524,0.3577,2,0
APP0001534,female,tier2,21-30,24,graduate,gig_worker,8200.0,50000.0,18,consumer_durable,0.3963,1,,,0,1,54,2808.41,0.7671,17,2030.0,19,0.5704,51.0,0.2187,0.1435,2,0
APP0001597,female,tier2,31-40,38,higher_secondary,gig_worker,5000.0,12400.0,6,education,0.4836,1,,,0,3,55,1539.15,1.2219,15,1441.59,22,0.0,4.0,0.4913,0.6899,0,0
APP0001629,male,rural,21-30,26,upto_secondary,agri,5800.0,15300.0,24,two_wheeler,0.1286,0,409.0,36.0,3,0,42,1351.04,0.749,8,1153.0,46,0.1651,53.0,0.1219,0.2262,1,1
APP0001727,male,tier3,31-40,39,graduate,self_employed,46700.0,85800.0,36,two_wheeler,0.0597,0,886.0,52.0,1,1,75,9811.66,0.2431,7,14554.53,5,1.0,30.0,0.5372,0.2628,2,0
APP0001759,female,metro,31-40,31,upto_secondary,self_employed,5700.0,39900.0,12,two_wheeler,0.6825,1,,,0,2,53,1749.18,1.0118,13,830.6,44,0.1786,102.0,0.6142,1.0,0,1
APP0001862,female,tier3,31-40,34,higher_secondary,salaried_informal,7100.0,27600.0,12,consumer_durable,0.379,1,,,0,0,62,1995.84,0.7358,11,2271.26,17,0.6798,59.0,0.5119,0.5783,1,0
APP0001867,female,tier3,41-50,43,higher_secondary,salaried_informal,32300.0,83100.0,24,two_wheeler,0.1254,0,593.0,15.0,1,1,63,5865.5,1.0625,19,7733.26,6,0.9171,31.0,0.7762,0.5294,0,0
APP0001877,male,metro,31-40,33,graduate,salaried_informal,5900.0,37100.0,24,medical,0.3065,0,610.0,13.0,1,3,60,1309.4,0.9626,13,501.61,28,0.3312,22.0,0.3426,0.1429,0,1
APP0001921,male,metro,31-40,38,higher_secondary,self_employed,9400.0,50400.0,24,two_wheeler,0.2614,0,561.0,37.0,0,2,52,1352.73,0.8826,15,930.05,20,0.3673,98.0,0.4212,0.9509,1,0
APP0002140,male,tier2,31-40,38,upto_secondary,self_employed,16600.0,56000.0,12,medical,0.3289,0,637.0,36.0,2,2,61,2924.37,0.3014,15,9916.54,5,0.8363,34.0,0.3059,0.8851,0,0
APP0002181,female,tier3,41-50,46,higher_secondary,salaried_formal,31300.0,176100.0,6,consumer_durable,1.0971,0,647.0,28.0,1,1,82,6402.93,0.05,9,8169.38,4,0.7243,17.0,0.1724,0.0895,1,1
APP0002346,female,metro,31-40,34,upto_secondary,agri,6000.0,46200.0,18,consumer_durable,0.5005,1,,,0,2,56,1279.32,1.1687,10,416.1,54,0.0,28.0,0.7039,0.9853,0,0
APP0002377,male,tier3,21-30,27,upto_secondary,agri,6500.0,26800.0,24,business_working_capital,0.201,1,,,0,1,49,1814.11,0.7026,7,833.27,43,0.0,7.0,0.0258,0.442,1,1
APP0002394,female,tier2,21-30,29,postgraduate,self_employed,5100.0,9000.0,18,business_working_capital,0.1147,1,,,0,3,55,1502.72,1.1811,10,515.31,42,0.0818,33.0,0.2492,0.5072,0,1
APP0002649,female,metro,31-40,36,higher_secondary,gig_worker,7900.0,60500.0,6,consumer_durable,1.4934,0,681.0,102.0,1,1,61,2213.14,1.2341,11,1495.75,21,0.2568,23.0,0.0095,0.3812,0,1
APP0002661,male,tier2,31-40,31,graduate,salaried_informal,8900.0,34100.0,18,education,0.249,0,567.0,10.0,1,3,52,1130.06,0.6007,6,1070.37,23,0.56,30.0,0.0,0.1598,1,0
APP0002685,female,rural,21-30,27,postgraduate,salaried_informal,5400.0,39200.0,24,consumer_durable,0.3539,1,,,0,2,64,2031.49,0.8662,10,1427.15,20,0.5184,12.0,0.624,0.8318,0,0
APP0002800,male,tier3,31-40,33,graduate,salaried_informal,21200.0,35800.0,24,business_working_capital,0.0823,1,,,0,0,61,3774.14,0.0685,14,4161.14,4,1.0,36.0,0.2896,0.1941,1,0
APP0002958,female,tier3,21-30,30,upto_secondary,self_employed,9500.0,46900.0,18,consumer_durable,0.3209,1,,,0,3,60,2066.11,0.4096,12,3790.86,14,0.4447,45.0,0.1031,0.7775,0,0
APP0003123,female,metro,31-40,31,upto_secondary,gig_worker,6100.0,13200.0,12,education,0.211,0,508.0,52.0,0,0,63,1169.81,0.5007,11,2495.2,26,0.0688,37.0,0.4054,0.3937,0,0
APP0003172,male,tier2,31-40,36,upto_secondary,agri,6100.0,44700.0,12,business_working_capital,0.7145,0,553.0,69.0,1,2,45,1136.11,0.9588,7,516.94,33,0.0,74.0,0.3872,0.5221,0,1
APP0003293,female,tier3,31-40,31,upto_secondary,gig_worker,5900.0,57500.0,36,education,0.3167,0,782.0,28.0,1,0,65,1044.07,0.5919,12,1525.34,16,0.8811,13.0,0.6088,0.7999,0,0
APP0003361,male,tier3,21-30,28,higher_secondary,salaried_informal,17900.0,61200.0,12,two_wheeler,0.3334,1,,,0,1,65,2345.63,0.2573,13,3347.45,7,0.7206,33.0,0.6565,1.0,1,0
APP0003408,male,rural,21-30,30,postgraduate,salaried_informal,9700.0,26400.0,18,two_wheeler,0.1769,1,,,0,2,54,1643.87,1.3712,13,1490.17,21,0.119,43.0,0.4609,0.3934,0,0
APP0003422,male,tier3,31-40,38,upto_secondary,salaried_informal,28400.0,53700.0,24,consumer_durable,0.0922,0,708.0,30.0,0,2,68,3593.13,0.3667,13,7821.22,8,1.0,8.0,0.1447,0.4844,0,0
APP0003809,male,metro,41-50,47,higher_secondary,salaried_formal,50100.0,143800.0,24,consumer_durable,0.1399,0,816.0,74.0,1,3,73,7005.69,0.05,13,8277.87,4,1.0,21.0,0.6563,0.4822,0,0
APP0003835,male,rural,51+,52,upto_secondary,salaried_informal,5700.0,27300.0,12,consumer_durable,0.467,0,551.0,25.0,2,2,50,1382.65,1.117,13,480.2,32,0.0979,12.0,0.2978,0.54,0,1
APP0003881,female,tier2,31-40,34,higher_secondary,self_employed,6200.0,8900.0,12,consumer_durable,0.14,1,,,0,1,46,1308.14,1.1056,7,1080.01,26,0.1721,23.0,0.2364,0.5568,0,0
APP0003968,male,rural,21-30,30,higher_secondary,gig_worker,10600.0,49400.0,6,business_working_capital,0.9088,1,,,0,3,56,1915.61,0.5394,9,2284.49,19,0.4409,60.0,1.0,0.776,0,0
APP0004072,male,metro,41-50,42,graduate,self_employed,8900.0,57200.0,18,business_working_capital,0.4178,1,,,0,1,54,1711.57,1.3106,13,1684.77,22,0.3203,40.0,0.1262,0.0586,1,1
APP0004095,male,tier3,41-50,42,higher_secondary,gig_worker,6400.0,36100.0,12,education,0.55,1,,,0,1,55,1526.77,0.8748,4,610.19,32,0.044,37.0,0.588,0.4928,1,0
APP0004097,female,tier2,21-30,27,graduate,self_employed,8400.0,69600.0,24,consumer_durable,0.4039,0,526.0,36.0,2,1,57,2693.93,0.7404,8,1231.57,30,0.1495,41.0,0.8698,0.5136,0,1
APP0004135,male,metro,31-40,31,higher_secondary,salaried_informal,7000.0,34800.0,6,business_working_capital,0.9694,1,,,0,0,50,948.55,0.3751,11,1088.81,26,0.1986,11.0,0.3251,0.6202,2,1
APP0004267,male,rural,31-40,36,graduate,salaried_formal,19400.0,74500.0,12,two_wheeler,0.3744,1,,,0,2,73,4611.92,0.2768,14,3366.69,4,1.0,36.0,0.3501,0.7409,1,1
APP0004557,male,tier3,21-30,30,higher_secondary,gig_worker,7200.0,28700.0,24,two_wheeler,0.1943,1,,,0,3,57,895.69,0.6023,8,777.61,37,0.2605,6.0,0.1858,0.6438,0,1
APP0004671,female,metro,21-30,29,graduate,salaried_informal,9100.0,39800.0,12,consumer_durable,0.4264,0,602.0,32.0,1,1,46,1546.09,0.7187,11,2783.25,22,0.1616,13.0,0.0,0.4649,0,1
APP0004917,female,metro,31-40,34,graduate,self_employed,5500.0,44000.0,12,education,0.78,0,441.0,10.0,1,0,49,1701.08,0.9021,6,660.2,45,0.0,30.0,0.0397,0.0364,0,1
APP0004958,male,tier2,31-40,36,graduate,self_employed,6300.0,30700.0,24,two_wheeler,0.2376,1,,,0,2,49,1158.28,0.798,6,521.22,38,0.1729,34.0,0.0325,0.226,0,1
APP0005193,male,metro,21-30,28,higher_secondary,self_employed,10600.0,15800.0,6,two_wheeler,0.2907,0,728.0,38.0,3,2,59,1208.49,1.2395,14,783.31,30,0.4158,132.0,0.4261,1.0,1,0
APP0005331,female,tier3,21-30,29,higher_secondary,salaried_formal,19600.0,37300.0,6,business_working_capital,0.3711,0,730.0,7.0,2,0,71,5078.14,0.451,14,3336.62,17,0.7549,106.0,0.6099,0.3583,0,0
APP0005395,female,tier3,41-50,42,postgraduate,salaried_formal,24500.0,209600.0,18,education,0.5561,1,,,0,2,70,5864.81,0.3853,10,4418.13,19,0.7151,48.0,0.6979,0.5699,0,0
APP0005449,male,rural,31-40,35,higher_secondary,self_employed,7800.0,16100.0,12,consumer_durable,0.2013,1,,,0,2,48,1180.19,0.9011,13,634.39,30,0.0,26.0,0.7474,0.3767,0,0
APP0005609,male,tier2,31-40,35,higher_secondary,salaried_informal,7300.0,27100.0,12,business_working_capital,0.362,0,595.0,39.0,1,5,54,1054.92,1.0102,16,638.38,29,0.4056,42.0,0.7581,0.7685,0,1
APP0005682,female,metro,41-50,49,postgraduate,salaried_informal,14000.0,127300.0,6,education,1.7731,0,714.0,9.0,3,0,77,4420.56,0.7616,18,7799.23,15,0.9309,43.0,0.3473,1.0,0,1
APP0005688,male,metro,31-40,39,graduate,salaried_formal,12300.0,49500.0,24,consumer_durable,0.1962,0,544.0,15.0,0,2,53,2354.11,0.3787,13,3207.65,34,0.4125,72.0,0.5498,0.4961,1,0
APP0005814,female,tier3,21-30,28,higher_secondary,salaried_formal,16800.0,119500.0,12,consumer_durable,0.6935,0,541.0,102.0,2,1,60,3223.16,0.3118,13,10423.55,22,0.4289,44.0,0.1858,0.4834,1,1
APP0005857,female,tier3,21-30,29,graduate,salaried_informal,8200.0,28200.0,12,business_working_capital,0.3353,1,,,0,0,54,2376.35,0.2565,10,1361.7,20,0.3285,70.0,0.5601,0.663,0,0
APP0005879,female,tier2,41-50,43,upto_secondary,salaried_informal,14000.0,33400.0,12,two_wheeler,0.2326,0,693.0,38.0,2,2,74,3516.46,0.3067,16,3480.29,12,0.7706,44.0,0.4782,0.4707,0,0
APP0005938,female,rural,21-30,28,higher_secondary,salaried_informal,9200.0,54900.0,6,education,1.1636,1,,,0,0,57,1734.14,0.8448,12,2006.18,19,0.3495,84.0,0.2048,0.3969,0,1
APP0005967,male,tier2,31-40,40,postgraduate,self_employed,5100.0,28700.0,18,education,0.3658,1,,,0,0,58,835.46,0.5,10,1421.34,31,0.509,72.0,0.5478,0.5937,1,0
APP0006045,male,tier3,41-50,46,graduate,salaried_informal,9700.0,28400.0,24,consumer_durable,0.1427,0,577.0,15.0,0,1,57,1758.0,0.4014,8,3179.23,26,0.8671,22.0,0.1133,0.3586,0,1
APP0006120,female,tier2,31-40,33,postgraduate,agri,5000.0,27900.0,12,consumer_durable,0.544,0,518.0,16.0,2,0,67,1275.31,0.8605,13,567.24,27,0.4256,4.0,0.1319,0.3669,0,1
APP0006177,male,rural,31-40,33,graduate,self_employed,12400.0,56400.0,12,education,0.4435,1,,,0,0,54,2574.16,0.4279,7,1638.2,23,0.4541,13.0,0.3308,0.1884,0,0
APP0006267,male,rural,21-30,25,upto_secondary,agri,6900.0,43300.0,24,two_wheeler,0.3059,1,,,0,0,51,974.26,1.3152,6,438.2,43,0.0494,52.0,0.6123,0.7804,0,1
APP0006317,male,tier2,31-40,39,higher_secondary,gig_worker,15300.0,52000.0,18,education,0.2209,1,,,0,1,65,3727.12,0.8601,10,3353.87,11,0.6125,39.0,0.855,0.9213,1,0
APP0006405,male,tier2,31-40,34,graduate,agri,9600.0,32800.0,24,medical,0.1666,1,,,0,1,67,1543.4,0.4794,14,1185.67,22,0.2217,31.0,0.5006,0.1687,1,0
APP0006464,male,rural,41-50,41,graduate,self_employed,10500.0,14000.0,12,education,0.13,0,734.0,19.0,1,1,80,2624.29,0.4986,10,3493.17,13,0.4444,31.0,0.3508,0.7495,0,0
APP0006516,male,tier2,21-30,25,graduate,agri,6600.0,19200.0,12,consumer_durable,0.2836,1,,,0,1,53,1116.54,0.8361,13,686.26,37,0.1743,27.0,0.4871,0.3619,1,0
APP0006554,female,tier3,31-40,37,upto_secondary,salaried_formal,31200.0,70800.0,6,medical,0.4425,1,,,0,1,58,8240.79,0.3421,10,16448.71,7,0.5807,27.0,0.2396,0.2463,0,0
APP0006606,female,metro,41-50,43,graduate,salaried_informal,7700.0,34700.0,24,business_working_capital,0.2197,0,627.0,120.0,1,1,45,1510.29,0.9795,9,755.79,40,0.2033,45.0,0.0719,0.5649,0,1
APP0006847,female,metro,51+,52,higher_secondary,self_employed,19400.0,107300.0,18,two_wheeler,0.3595,0,592.0,66.0,3,2,69,3423.01,0.2928,12,2227.5,8,0.4364,40.0,0.3778,0.3102,1,1
APP0006888,female,metro,21-30,29,higher_secondary,self_employed,11500.0,55200.0,24,business_working_capital,0.234,1,,,0,1,64,1936.72,0.8069,13,3070.4,13,0.6421,47.0,0.1719,0.6375,1,0
APP0007255,female,rural,31-40,35,upto_secondary,salaried_formal,12400.0,66300.0,12,consumer_durable,0.5213,1,,,0,1,53,1936.06,0.7327,8,2617.24,33,0.0,6.0,0.234,0.2381,2,1
APP0007304,male,tier3,31-40,32,upto_secondary,gig_worker,7000.0,50400.0,6,education,1.404,0,611.0,55.0,1,1,51,1587.08,0.7674,8,1167.71,30,0.1691,31.0,0.0843,0.215,0,1
APP0007937,male,tier3,41-50,44,higher_secondary,salaried_informal,23300.0,113900.0,36,business_working_capital,0.1589,0,697.0,26.0,1,1,62,2666.75,0.4229,14,5293.04,18,0.9125,19.0,0.9939,1.0,0,0
APP0008155,male,tier2,41-50,50,upto_secondary,gig_worker,24000.0,134600.0,6,business_working_capital,1.0936,0,669.0,78.0,3,0,66,4695.78,0.05,10,7532.76,7,0.7818,46.0,0.2471,0.0,2,0
APP0008166,male,tier2,31-40,38,graduate,salaried_formal,23400.0,58700.0,18,education,0.1631,0,654.0,60.0,1,2,50,5112.63,0.7232,8,6247.02,15,0.5719,40.0,1.0,0.7992,0,0
APP0008191,female,tier3,31-40,37,graduate,salaried_informal,8500.0,119100.0,24,two_wheeler,0.6831,1,,,0,1,53,1392.44,0.7907,9,3161.56,18,0.6514,74.0,0.2212,0.2027,1,1
APP0008255,female,tier2,21-30,27,graduate,salaried_formal,12900.0,135100.0,12,business_working_capital,1.0211,0,594.0,52.0,2,0,53,3178.67,0.8705,14,1386.0,21,0.8764,33.0,0.4703,0.4062,1,1
APP0008276,male,tier3,21-30,30,graduate,salaried_informal,14800.0,31600.0,12,consumer_durable,0.2082,1,,,0,0,54,2505.75,0.2766,13,1321.59,6,0.9157,17.0,0.3544,0.7278,0,0
APP0008318,male,metro,31-40,39,graduate,agri,8300.0,25600.0,12,education,0.3007,1,,,0,2,63,1935.23,0.7113,11,1073.82,32,0.3566,63.0,0.0106,0.3078,0,1
APP0008405,female,tier2,31-40,39,upto_secondary,salaried_informal,13300.0,50100.0,12,consumer_durable,0.3673,0,713.0,16.0,0,1,65,3259.13,0.7356,15,2963.54,20,0.4964,29.0,1.0,0.8201,2,1
APP0008425,female,tier3,41-50,41,upto_secondary,self_employed,39700.0,182000.0,6,consumer_durable,0.894,1,,,0,1,82,12964.43,0.4458,15,7859.23,3,0.8905,8.0,0.1366,0.1177,1,1
APP0008627,male,rural,41-50,47,upto_secondary,agri,6600.0,15200.0,12,medical,0.2245,0,483.0,2.0,2,3,53,1427.58,1.115,8,877.28,48,0.0,12.0,0.7963,0.7643,0,1
APP0008662,male,tier2,41-50,50,postgraduate,gig_worker,6100.0,33100.0,12,medical,0.5291,0,699.0,52.0,2,4,53,1373.17,0.9427,10,762.22,39,0.0,31.0,0.9335,0.7546,0,0
APP0008687,male,metro,31-40,31,graduate,self_employed,6900.0,21900.0,18,business_working_capital,0.2063,1,,,0,6,53,978.3,0.8731,8,1157.1,26,0.1038,10.0,0.1425,0.3074,0,1
APP0008753,male,tier2,21-30,30,graduate,salaried_formal,13600.0,78500.0,18,business_working_capital,0.3752,1,,,0,0,45,2847.65,0.6365,11,1313.96,29,0.512,11.0,0.472,0.8956,0,1
APP0008988,female,tier3,41-50,43,higher_secondary,salaried_informal,25300.0,64400.0,24,business_working_capital,0.1241,0,752.0,49.0,1,2,73,3935.02,0.309,20,6031.61,5,0.9398,30.0,0.6049,0.5751,2,0
APP0009033,male,metro,21-30,30,higher_secondary,salaried_formal,38600.0,179100.0,36,medical,0.1508,0,637.0,77.0,2,0,62,5341.0,0.7318,19,8816.36,17,0.87,25.0,0.4963,1.0,0,0
APP0009183,female,tier2,31-40,31,graduate,agri,5000.0,37200.0,18,two_wheeler,0.4836,0,609.0,29.0,0,1,51,1232.06,0.9731,10,857.33,31,0.1153,62.0,0.2924,0.7518,0,0
APP0009226,female,metro,41-50,42,upto_secondary,salaried_informal,14600.0,93400.0,12,education,0.6237,1,,,0,0,65,4389.62,0.3924,13,3425.1,8,0.9567,125.0,0.7715,0.883,0,1
APP0009288,male,tier2,41-50,46,higher_secondary,gig_worker,5500.0,37500.0,6,consumer_durable,1.3295,1,,,0,0,58,1329.94,0.805,11,808.49,43,0.0131,24.0,1.0,1.0,0,1
APP0009298,male,rural,31-40,40,graduate,salaried_formal,20500.0,46500.0,18,business_working_capital,0.1474,0,636.0,92.0,3,1,50,3132.17,0.6575,13,5173.9,14,0.8424,74.0,0.3863,0.544,0,0
APP0009313,male,tier3,31-40,33,higher_secondary,gig_worker,14700.0,80400.0,18,consumer_durable,0.3555,0,762.0,46.0,1,0,65,2418.73,0.6693,12,1114.42,16,0.8121,22.0,0.257,0.0,0,1
APP0009327,female,tier2,31-40,38,graduate,salaried_informal,8600.0,67100.0,6,education,1.5215,0,642.0,33.0,2,0,66,1998.75,1.0117,8,2607.78,14,0.5196,21.0,0.3647,0.7546,2,1
APP0009450,female,metro,31-40,39,graduate,salaried_informal,10500.0,36900.0,18,education,0.2284,1,,,0,0,68,3024.68,0.5001,13,2008.51,23,0.4701,73.0,0.5385,0.9134,0,0
APP0009601,female,rural,31-40,31,upto_secondary,self_employed,10800.0,66800.0,6,consumer_durable,1.2061,0,666.0,30.0,1,1,62,3269.91,0.8539,14,2662.95,31,0.2325,18.0,0.6633,0.8374,1,0
APP0009803,female,metro,21-30,29,higher_secondary,gig_worker,11300.0,99500.0,12,two_wheeler,0.8585,1,,,0,0,63,1783.83,0.6232,10,2182.61,23,0.5257,24.0,0.1702,0.6361,0,1
APP0009812,male,metro,21-30,29,upto_secondary,gig_worker,5900.0,39900.0,24,consumer_durable,0.3297,0,612.0,14.0,2,1,58,1410.05,1.0343,4,548.79,43,0.069,50.0,0.4855,0.6359,1,1
APP0009979,female,metro,21-30,30,higher_secondary,salaried_formal,8700.0,70800.0,12,business_working_capital,0.7934,0,505.0,61.0,4,2,50,1377.99,0.9404,8,1465.39,29,0.6421,16.0,0.323,0.2764,1,1
APP0010002,male,rural,41-50,43,upto_secondary,salaried_formal,21000.0,142400.0,6,business_working_capital,1.3223,0,789.0,83.0,3,2,59,3383.9,0.3362,10,6248.75,12,0.6262,94.0,0.6668,1.0,0,1
APP0010005,female,tier2,21-30,25,upto_secondary,salaried_informal,14100.0,27300.0,12,education,0.1888,1,,,0,2,54,3832.34,0.6363,4,4644.88,28,0.5535,50.0,0.4831,0.716,0,0
APP0010049,female,rural,31-40,31,upto_secondary,agri,5000.0,35900.0,12,two_wheeler,0.7,1,,,0,1,57,1744.3,0.6089,16,1059.7,27,0.5586,44.0,0.9256,0.9212,0,1
APP0010149,male,tier3,31-40,31,higher_secondary,agri,7500.0,26700.0,24,education,0.1735,0,541.0,13.0,0,0,57,1010.86,0.0729,14,1527.49,24,0.3191,37.0,0.1754,0.7677,0,1
APP0010200,female,tier3,31-40,34,upto_secondary,self_employed,26400.0,119400.0,24,business_working_capital,0.2205,0,717.0,23.0,1,2,76,6105.32,0.2844,17,7311.51,7,0.7106,13.0,1.0,0.9913,0,0
APP0010245,female,metro,41-50,47,graduate,salaried_formal,30100.0,78700.0,12,education,0.2549,0,685.0,51.0,2,1,66,6474.63,0.3522,16,7901.69,10,0.6174,36.0,0.0911,0.2887,2,0
APP0010249,female,rural,31-40,33,graduate,salaried_formal,36400.0,248300.0,12,business_working_capital,0.6651,0,587.0,64.0,1,1,69,7047.8,0.5091,10,4229.57,9,0.9142,44.0,0.6902,0.3607,1,0
APP0010252,female,rural,21-30,27,upto_secondary,gig_worker,14700.0,41900.0,24,consumer_durable,0.139,0,621.0,45.0,2,0,76,3449.43,0.5923,14,4886.76,18,0.2543,64.0,0.5033,0.3936,0,0
APP0010426,male,tier3,41-50,47,higher_secondary,gig_worker,12900.0,47700.0,24,two_wheeler,0.1803,1,,,0,1,59,3380.78,0.684,9,2336.33,23,0.8114,21.0,0.0,0.1423,1,0
APP0010447,male,tier2,21-30,29,higher_secondary,salaried_formal,74600.0,155500.0,36,education,0.0677,0,752.0,23.0,0,1,79,15478.22,0.6211,19,19861.41,4,0.9224,40.0,0.335,0.2718,0,0
APP0010745,male,metro,41-50,43,upto_secondary,salaried_formal,39400.0,366200.0,24,education,0.4531,1,,,0,0,66,6564.61,0.6304,19,16191.92,12,0.8,31.0,0.7806,0.7676,1,1
APP0010747,male,rural,21-30,29,graduate,salaried_informal,6600.0,20800.0,24,business_working_capital,0.1536,1,,,0,1,56,1378.84,1.1466,10,622.57,44,0.0,14.0,0.3387,0.1139,0,1
APP0010880,male,tier3,41-50,44,higher_secondary,gig_worker,5900.0,14600.0,12,business_working_capital,0.2413,1,,,0,0,50,1158.08,1.1816,14,767.9,37,0.0,44.0,0.1741,0.2143,0,1
APP0010924,female,metro,21-30,27,upto_secondary,salaried_informal,6000.0,21300.0,36,consumer_durable,0.1154,0,376.0,38.0,0,1,45,1179.38,0.8889,10,664.67,28,0.1671,19.0,0.0877,0.2166,1,1
APP0010937,male,rural,21-30,29,upto_secondary,gig_worker,6600.0,26100.0,6,medical,0.7711,1,,,0,1,51,1403.14,0.7512,11,1207.93,43,0.0952,81.0,0.351,0.4081,1,1
APP0011016,male,rural,41-50,45,upto_secondary,gig_worker,7100.0,43200.0,6,consumer_durable,1.1865,1,,,0,1,48,1525.2,1.0261,15,1530.66,32,0.5136,43.0,0.7952,0.5598,0,0
APP0011086,male,rural,21-30,26,higher_secondary,salaried_formal,31600.0,108900.0,18,two_wheeler,0.224,1,,,0,3,48,7724.49,0.4369,17,1699.65,18,0.4494,43.0,0.6623,0.5147,1,0
APP0011117,female,tier3,41-50,42,graduate,agri,7700.0,57000.0,36,education,0.2406,0,507.0,37.0,0,2,50,2175.93,0.7265,8,834.43,24,0.2051,37.0,0.4495,0.7053,0,0
APP0011167,female,tier3,31-40,31,graduate,gig_worker,5300.0,20300.0,12,consumer_durable,0.3734,1,,,0,2,48,1787.98,0.977,7,1029.98,39,0.0223,19.0,0.6381,0.0,0,1
APP0011171,male,tier3,31-40,32,higher_secondary,gig_worker,5900.0,12700.0,36,two_wheeler,0.07,0,673.0,13.0,3,0,54,1012.9,0.7176,19,686.95,38,0.0,20.0,0.0,0.2069,2,1
APP0011187,female,metro,21-30,25,higher_secondary,self_employed,8700.0,36200.0,12,two_wheeler,0.4057,0,643.0,75.0,0,1,45,1850.46,0.7163,9,1809.76,34,0.1363,28.0,0.4199,0.4256,1,1
APP0011286,male,metro,31-40,34,higher_secondary,salaried_formal,50100.0,117800.0,6,business_working_capital,0.4585,0,802.0,96.0,2,0,52,8727.03,0.1088,10,16873.92,1,1.0,42.0,0.9493,0.1891,0,0
APP0011397,male,metro,31-40,31,graduate,self_employed,7800.0,31800.0,24,education,0.1988,0,752.0,47.0,1,4,53,2131.84,0.5307,11,1516.57,20,0.5233,24.0,0.2585,0.4631,1,0
APP0011453,female,metro,21-30,28,graduate,gig_worker,8600.0,115300.0,12,business_working_capital,1.3072,1,,,0,3,51,2435.4,0.8717,13,879.07,18,0.5868,41.0,0.6793,0.7307,0,1
APP0011482,female,metro,41-50,43,graduate,salaried_informal,12000.0,35200.0,12,consumer_durable,0.286,0,671.0,35.0,0,1,61,1518.57,0.6311,7,1883.34,16,0.4392,56.0,0.7875,0.9582,3,0
APP0011767,male,tier2,41-50,42,upto_secondary,salaried_formal,9000.0,29200.0,24,business_working_capital,0.1582,1,,,0,0,52,1840.59,0.4634,8,1192.84,32,0.4878,57.0,0.7632,1.0,0,0
APP0011772,male,tier2,21-30,25,postgraduate,salaried_informal,14500.0,48300.0,12,consumer_durable,0.3248,0,666.0,22.0,1,2,64,3372.35,0.7712,13,2182.79,20,0.8623,19.0,0.4228,0.5393,0,0
APP0011948,female,rural,31-40,40,graduate,agri,5800.0,30100.0,6,business_working_capital,1.012,1,,,0,0,53,1669.63,0.8125,12,1280.5,37,0.0,37.0,0.3254,0.1552,1,1
APP0011978,male,rural,41-50,44,higher_secondary,gig_worker,11100.0,66800.0,24,education,0.2934,0,651.0,62.0,3,2,67,1442.83,0.3872,15,1026.11,20,0.9889,82.0,0.6885,0.5649,0,1
APP0012025,male,metro,31-40,39,upto_secondary,salaried_informal,13000.0,80600.0,12,education,0.6045,0,623.0,57.0,3,0,62,3768.64,0.3626,11,3064.97,24,0.3997,30.0,0.4868,0.55,0,1
APP0012063,female,tier2,41-50,42,graduate,salaried_informal,5000.0,20800.0,24,medical,0.2028,0,542.0,23.0,3,1,52,1515.99,0.4802,7,1707.06,22,0.5878,28.0,0.446,0.5103,0,0
APP0012247,male,tier2,31-40,33,upto_secondary,salaried_formal,31500.0,165300.0,18,business_working_capital,0.3411,1,,,0,0,62,11081.71,0.3997,10,4373.62,8,0.9826,3.0,0.0784,0.3009,0,1
APP0012502,female,tier3,21-30,25,higher_secondary,agri,5100.0,37500.0,12,education,0.7169,1,,,0,0,49,1472.88,1.2134,5,729.8,43,0.1013,9.0,0.3903,0.7614,1,1
APP0012546,female,metro,31-40,37,upto_secondary,salaried_informal,6500.0,34600.0,18,business_working_capital,0.346,0,560.0,23.0,1,1,61,1557.97,0.53,10,951.54,24,0.1182,30.0,0.1852,0.231,0,1
APP0012669,male,tier3,21-30,29,graduate,gig_worker,6800.0,41500.0,12,consumer_durable,0.595,1,,,0,0,57,1584.92,0.882,12,658.58,28,0.0,93.0,0.1085,0.4819,0,1
APP0012821,male,tier2,31-40,31,postgraduate,gig_worker,6900.0,23200.0,18,consumer_durable,0.2186,1,,,0,3,67,1641.89,1.0459,11,545.29,32,0.3086,24.0,0.0965,0.0,1,1
APP0012910,female,tier3,21-30,25,upto_secondary,gig_worker,5000.0,23900.0,12,consumer_durable,0.466,1,,,0,0,53,1629.54,0.8449,13,1227.95,41,0.0,16.0,0.1858,0.7425,1,1
APP0012940,female,tier3,31-40,33,graduate,self_employed,8100.0,47500.0,12,two_wheeler,0.5718,1,,,0,1,51,1502.0,0.7396,11,1159.04,16,0.6111,101.0,0.2866,0.4649,1,1
APP0012951,male,tier3,31-40,36,graduate,salaried_formal,21800.0,86900.0,12,business_working_capital,0.3887,0,550.0,20.0,2,0,55,3806.6,0.2678,8,4770.09,12,0.866,27.0,0.4146,0.6636,0,0
APP0013085,male,tier2,31-40,36,graduate,salaried_informal,7100.0,33800.0,6,medical,0.9283,0,574.0,81.0,0,3,51,1406.58,0.7364,7,735.3,31,0.1835,70.0,0.5615,0.7657,0,1
APP0013219,male,metro,31-40,39,upto_secondary,agri,5700.0,9700.0,36,medical,0.0553,1,,,0,1,59,1051.44,0.4006,9,328.03,25,0.221,23.0,0.6511,0.2557,0,0
APP0013230,male,tier2,51+,56,upto_secondary,salaried_informal,17700.0,62200.0,36,business_working_capital,0.1142,1,,,0,2,53,2008.99,0.8114,7,2194.96,17,0.507,43.0,0.2452,0.0,1,1
APP0013252,female,tier3,31-40,39,upto_secondary,gig_worker,6300.0,36600.0,12,medical,0.5664,1,,,0,0,51,1886.44,1.0889,12,1167.82,21,0.4096,14.0,0.8904,0.8525,0,0
APP0013512,male,tier3,21-30,30,higher_secondary,salaried_informal,9400.0,56500.0,6,education,1.1721,0,556.0,44.0,0,1,48,1151.04,0.4354,6,860.55,27,0.1961,89.0,0.3858,0.2948,1,1
APP0013610,female,tier2,31-40,39,graduate,agri,5800.0,30000.0,18,business_working_capital,0.3362,1,,,0,1,63,1584.72,0.5828,10,904.33,24,0.0,43.0,0.0,0.106,0,0
APP0013894,male,tier2,31-40,32,graduate,salaried_formal,19700.0,128400.0,24,consumer_durable,0.3177,0,686.0,20.0,2,1,63,3088.56,0.7213,8,3378.52,33,0.3951,26.0,0.5823,0.9722,0,1
APP0014142,male,metro,31-40,39,graduate,salaried_formal,21400.0,50200.0,6,consumer_durable,0.4574,0,702.0,34.0,1,1,53,2336.39,0.6226,10,3810.97,19,0.7721,21.0,0.6979,0.6707,0,1
APP0014215,male,metro,21-30,29,upto_secondary,self_employed,10800.0,36300.0,6,medical,0.6554,0,530.0,28.0,2,1,54,2334.16,0.7396,11,1183.74,29,0.4221,49.0,0.819,0.7416,1,1
APP0014263,female,metro,31-40,39,graduate,self_employed,5700.0,46800.0,12,business_working_capital,0.8005,1,,,0,4,65,1964.5,0.6493,16,1200.17,37,0.0738,44.0,0.2205,0.5339,1,1
APP0014334,male,metro,31-40,39,graduate,self_employed,6100.0,22200.0,12,business_working_capital,0.3548,0,424.0,51.0,3,1,48,989.06,0.8458,12,739.85,42,0.5193,40.0,0.1936,0.5457,1,1
APP0014398,female,metro,41-50,45,higher_secondary,salaried_formal,22000.0,49800.0,12,consumer_durable,0.2207,0,510.0,59.0,3,3,50,3809.32,0.4492,22,7995.83,16,0.6911,42.0,0.0,0.1636,0,0
APP0014463,female,tier3,41-50,46,upto_secondary,salaried_formal,13900.0,45000.0,12,two_wheeler,0.3156,0,617.0,36.0,2,2,62,3982.07,0.5848,8,2529.36,15,1.0,18.0,0.409,0.6636,1,1
APP0014577,female,metro,31-40,34,graduate,gig_worker,5300.0,20200.0,12,education,0.3716,1,,,0,2,65,1717.04,0.423,13,1430.78,19,0.2207,42.0,0.543,0.4959,0,0
APP0014745,female,tier2,41-50,46,higher_secondary,salaried_formal,24100.0,106000.0,24,consumer_durable,0.2144,0,717.0,69.0,3,1,69,4293.79,0.3212,15,8777.93,8,0.8831,26.0,0.4224,0.6451,1,0
APP0014836,female,tier3,41-50,47,higher_secondary,salaried_informal,30500.0,211400.0,6,consumer_durable,1.3516,1,,,0,0,70,3868.41,0.5409,11,5975.33,8,0.746,18.0,0.7229,0.5184,0,1
APP0014911,female,metro,31-40,32,higher_secondary,agri,5000.0,13000.0,6,consumer_durable,0.507,1,,,0,2,61,1417.7,0.6788,4,914.8,34,0.1207,21.0,0.0475,0.1903,1,1
APP0014995,female,tier2,21-30,28,higher_secondary,salaried_formal,19000.0,36200.0,12,consumer_durable,0.1858,1,,,0,1,67,3929.07,0.3591,12,5234.61,20,0.6798,42.0,0.6942,0.4679,1,0
APP0015086,male,tier3,31-40,33,higher_secondary,agri,8100.0,25900.0,6,education,0.6235,1,,,0,1,48,1529.55,0.4889,13,572.54,31,0.187,24.0,0.6139,0.5397,0,0
APP0015090,female,tier2,31-40,40,upto_secondary,self_employed,7000.0,38500.0,24,education,0.2681,0,679.0,39.0,3,5,55,1803.7,0.2236,7,1565.9,19,0.7525,23.0,0.7012,0.9043,2,0
APP0015515,female,tier2,31-40,32,graduate,agri,9800.0,31800.0,12,education,0.3164,0,524.0,13.0,1,0,48,2204.88,0.3719,8,2705.35,31,0.297,60.0,0.353,0.36,0,1
APP0015516,male,rural,31-40,32,higher_secondary,gig_worker,6000.0,11800.0,12,two_wheeler,0.1918,1,,,0,2,47,1443.68,0.9673,10,387.86,43,0.235,23.0,0.1077,1.0,0,1
APP0015522,female,tier2,21-30,25,graduate,self_employed,5000.0,28700.0,12,medical,0.5596,0,481.0,36.0,0,0,55,866.42,0.6639,13,1723.97,43,0.0,18.0,0.3258,0.0,0,1
APP0015560,male,tier2,31-40,32,graduate,gig_worker,10200.0,46900.0,24,business_working_capital,0.2242,1,,,0,0,60,1260.55,0.4668,16,1933.88,21,0.146,80.0,0.257,0.2774,1,1
APP0015574,female,tier2,41-50,41,higher_secondary,salaried_formal,38900.0,52300.0,24,business_working_capital,0.0655,0,729.0,31.0,0,1,75,10279.59,0.4598,16,10659.7,6,0.7676,119.0,1.0,0.664,1,0
APP0015577,female,tier2,31-40,40,graduate,gig_worker,14100.0,65200.0,12,education,0.4509,0,874.0,26.0,3,0,53,3311.92,0.7157,10,5097.98,7,0.9459,42.0,0.9278,0.7314,0,0
APP0015793,male,metro,31-40,40,upto_secondary,self_employed,10700.0,37600.0,12,two_wheeler,0.3426,0,522.0,171.0,0,0,61,1302.93,0.6479,12,1020.77,20,0.3076,21.0,0.3903,0.3095,1,0
APP0015798,male,rural,21-30,24,graduate,agri,7700.0,28700.0,12,medical,0.3634,1,,,0,0,62,1182.87,0.6311,8,1004.31,45,0.1608,33.0,0.2566,0.3231,0,1
APP0015835,female,tier2,41-50,42,higher_secondary,self_employed,8300.0,52500.0,6,two_wheeler,1.2334,0,525.0,34.0,0,3,70,1208.78,0.1635,17,1481.29,22,0.6398,44.0,0.5582,0.6987,0,1
APP0015972,male,metro,41-50,44,graduate,agri,7100.0,28200.0,18,business_working_capital,0.2582,0,531.0,48.0,1,2,60,1954.93,0.2829,18,1563.24,20,0.3509,36.0,0.0,0.3355,2,1
APP0016089,male,tier3,21-30,27,graduate,self_employed,7200.0,28700.0,24,medical,0.1943,1,,,0,2,54,1529.4,1.3145,12,639.16,35,0.0,44.0,0.7003,0.7753,2,1
APP0016353,female,metro,41-50,49,graduate,salaried_formal,56100.0,288200.0,18,education,0.3339,0,808.0,9.0,1,1,63,14718.77,0.3827,11,10543.73,3,0.9404,16.0,0.4646,0.5322,1,0
APP0016521,female,tier2,21-30,28,graduate,salaried_formal,18600.0,117500.0,6,education,1.2319,1,,,0,2,57,3572.12,0.8987,8,3063.96,28,0.3214,32.0,0.7905,0.5087,0,1
APP0016548,male,metro,21-30,25,higher_secondary,salaried_formal,31700.0,143100.0,12,medical,0.4401,1,,,0,1,51,9148.51,0.8495,7,3613.48,15,1.0,25.0,0.2504,0.4558,0,0
APP0016552,female,metro,21-30,26,upto_secondary,salaried_formal,17800.0,77700.0,18,business_working_capital,0.2837,0,698.0,121.0,3,4,60,5765.57,0.4387,13,7862.29,16,0.9706,40.0,0.9793,0.9079,0,0
APP0016603,male,tier2,31-40,40,upto_secondary,agri,11100.0,76100.0,24,business_working_capital,0.3342,0,681.0,35.0,1,1,54,1847.33,0.05,13,1324.96,20,0.4575,69.0,0.8974,0.5781,3,0
APP0016790,male,tier2,21-30,25,higher_secondary,salaried_informal,5000.0,18800.0,24,medical,0.1833,1,,,0,1,64,1658.57,0.7941,14,1055.02,34,0.0047,73.0,0.6301,0.6562,0,0
APP0016827,male,tier3,31-40,32,upto_secondary,agri,5900.0,11500.0,12,two_wheeler,0.19,0,493.0,107.0,0,2,45,1189.65,1.1776,7,596.2,32,0.0,26.0,0.6268,0.8281,1,1
APP0016881,female,metro,31-40,36,graduate,salaried_informal,9100.0,48500.0,24,two_wheeler,0.2598,1,,,0,3,51,1321.22,1.1765,6,1885.73,37,0.0,30.0,0.4248,0.137,2,1
APP0016935,male,metro,31-40,35,higher_secondary,salaried_informal,13300.0,28200.0,12,medical,0.2067,0,645.0,32.0,1,6,75,3780.54,0.4839,14,1397.77,9,0.7672,72.0,0.7947,0.8139,0,0
APP0017143,female,metro,31-40,39,upto_secondary,gig_worker,10100.0,52800.0,12,two_wheeler,0.5097,1,,,0,1,67,2157.51,0.5129,12,2404.6,16,0.7529,26.0,0.9578,0.7084,0,0
APP0017175,male,metro,51+,53,postgraduate,self_employed,13500.0,48700.0,18,consumer_durable,0.2345,1,,,0,0,58,2598.12,0.05,12,3082.89,14,0.4774,22.0,0.2296,0.6414,0,0
APP0017185,male,tier2,41-50,49,upto_secondary,salaried_informal,7900.0,24000.0,12,education,0.2962,1,,,0,1,57,951.05,0.7781,6,997.49,50,0.0,32.0,0.333,0.1041,0,0
APP0017442,female,tier2,41-50,44,upto_secondary,gig_worker,10300.0,48800.0,18,two_wheeler,0.308,0,432.0,26.0,3,2,49,2970.94,0.9934,10,3023.28,14,0.2728,19.0,0.5884,0.0581,1,0
APP0017477,male,metro,51+,53,upto_secondary,agri,8200.0,40900.0,6,consumer_durable,0.9726,0,577.0,16.0,1,3,53,1835.34,0.4369,9,1170.36,22,0.1795,43.0,0.3918,0.162,1,1
APP0017485,female,rural,31-40,33,higher_secondary,gig_worker,5000.0,15500.0,6,consumer_durable,0.6045,0,575.0,78.0,2,3,47,1337.05,0.8937,7,612.59,22,0.0788,79.0,0.5046,0.6333,0,1
APP0017555,male,tier3,31-40,34,higher_secondary,salaried_informal,10600.0,38400.0,24,education,0.1766,1,,,0,3,51,1840.88,0.4523,8,2267.18,31,0.5082,48.0,0.2906,0.7835,0,0
APP0017700,male,tier2,31-40,31,upto_secondary,agri,6600.0,11500.0,24,consumer_durable,0.0849,1,,,0,2,52,1219.3,0.9452,7,591.38,35,0.1338,33.0,0.4776,0.6774,1,1
APP0017713,male,rural,21-30,26,graduate,self_employed,7800.0,27500.0,36,consumer_durable,0.1146,1,,,0,3,55,1390.47,0.4987,11,734.64,33,0.0774,15.0,0.4031,0.3382,0,1
APP0017892,female,tier3,31-40,37,upto_secondary,self_employed,5000.0,15000.0,6,consumer_durable,0.585,0,564.0,12.0,1,2,52,835.18,0.7711,12,1327.9,24,0.144,32.0,0.3995,0.6107,0,1
APP0017954,male,tier3,21-30,24,upto_secondary,agri,10600.0,38000.0,6,consumer_durable,0.6991,0,636.0,121.0,2,0,44,2045.87,0.6644,9,2399.71,23,0.4256,37.0,0.6505,0.8267,0,0
APP0017988,male,tier3,41-50,45,upto_secondary,salaried_informal,11400.0,60500.0,6,medical,1.0349,0,638.0,17.0,1,0,55,2052.29,0.7457,14,3059.4,9,0.8095,38.0,0.1553,0.3937,0,0
APP0018104,male,tier2,21-30,28,graduate,self_employed,9500.0,45700.0,6,consumer_durable,0.9381,1,,,0,1,48,2109.22,0.6667,8,1282.89,16,0.2805,84.0,0.0658,0.0162,1,0
APP0018144,female,rural,21-30,27,graduate,salaried_informal,13600.0,82400.0,12,medical,0.5907,0,604.0,58.0,5,0,68,3308.06,0.6837,17,3248.62,17,0.2291,33.0,0.0059,0.1648,2,0
APP0018250,female,tier3,31-40,34,upto_secondary,salaried_informal,12700.0,26500.0,12,two_wheeler,0.2034,1,,,0,3,54,2504.04,0.4307,15,4424.88,10,0.6092,36.0,0.2967,0.7997,0,0
APP0018348,female,rural,41-50,41,graduate,agri,5300.0,28600.0,6,business_working_capital,1.0523,1,,,0,2,43,1069.32,0.8332,9,1038.48,35,0.1001,13.0,0.142,0.1711,1,1
APP0018421,male,tier3,41-50,44,graduate,gig_worker,6400.0,47800.0,12,business_working_capital,0.7282,0,593.0,10.0,0,0,66,1633.3,1.2382,20,884.91,39,0.0,25.0,0.756,0.8152,0,1
APP0018470,male,rural,31-40,33,graduate,salaried_formal,10100.0,32100.0,18,two_wheeler,0.2066,1,,,0,3,60,2610.6,0.7508,11,980.04,22,0.5764,30.0,0.3641,0.3834,0,1
APP0018488,male,tier2,31-40,32,upto_secondary,gig_worker,7300.0,20200.0,36,business_working_capital,0.0899,0,517.0,28.0,3,0,42,999.69,1.1403,17,1106.23,33,0.0,42.0,0.2391,0.2696,1,1
APP0018731,male,metro,41-50,43,postgraduate,gig_worker,8800.0,49000.0,12,business_working_capital,0.5429,0,726.0,39.0,1,1,62,1356.85,0.2772,17,1326.03,12,0.7738,37.0,0.3488,0.3484,1,0
APP0018733,male,tier2,31-40,37,higher_secondary,gig_worker,20600.0,94500.0,18,medical,0.2982,0,676.0,70.0,1,2,77,4081.27,0.5347,18,7155.06,15,0.9707,42.0,0.3462,0.5889,1,1
APP0018927,female,metro,31-40,36,upto_secondary,self_employed,6900.0,23200.0,36,two_wheeler,0.1093,0,606.0,36.0,3,0,67,1084.65,0.5982,11,675.01,28,0.3229,70.0,0.9302,0.8775,0,0
APP0019070,female,tier3,41-50,46,graduate,salaried_informal,19200.0,127900.0,6,medical,1.299,1,,,0,2,67,2389.04,0.401,14,3889.49,17,0.6974,59.0,0.0845,0.318,0,1
APP0019090,male,rural,31-40,35,postgraduate,self_employed,11100.0,21600.0,12,education,0.1897,1,,,0,1,61,2090.28,0.2916,20,1683.92,13,0.5543,45.0,0.2039,0.0942,0,1
APP0019197,female,tier3,21-30,28,upto_secondary,salaried_informal,19000.0,104500.0,24,business_working_capital,0.2681,1,,,0,0,63,4746.03,0.4216,12,3212.4,15,0.645,17.0,0.436,0.0657,0,0
APP0019391,female,tier2,31-40,32,graduate,self_employed,10800.0,100400.0,6,medical,1.8128,0,723.0,51.0,2,1,56,3900.91,0.3545,10,2605.17,11,0.4223,7.0,0.2173,0.1245,1,1
APP0019716,female,tier2,31-40,31,upto_secondary,salaried_formal,19700.0,119900.0,12,medical,0.5934,1,,,0,1,67,3990.32,0.1796,18,2491.48,19,0.5614,35.0,0.3326,0.8114,0,1
APP0019743,male,tier2,31-40,32,upto_secondary,salaried_formal,26200.0,177100.0,12,business_working_capital,0.6591,1,,,0,5,63,3518.04,0.1979,13,4032.28,13,0.402,70.0,0.3533,0.716,0,0
APP0019931,male,metro,31-40,34,upto_secondary,salaried_formal,23200.0,35200.0,6,education,0.2959,0,786.0,53.0,1,0,46,4926.44,0.5931,13,6972.39,11,0.7552,32.0,0.4508,0.7925,0,0
APP0020054,female,rural,41-50,43,graduate,salaried_formal,35000.0,294800.0,18,consumer_durable,0.5475,0,759.0,78.0,0,2,88,6482.52,0.2414,19,6196.62,6,0.8153,30.0,0.791,0.5535,1,0
APP0020083,male,tier2,31-40,32,higher_secondary,salaried_formal,19700.0,60100.0,24,consumer_durable,0.1487,0,576.0,23.0,1,2,54,2208.76,0.8419,12,7161.04,32,0.0,62.0,0.5254,0.3663,1,1
APP0020318,female,tier2,31-40,39,upto_secondary,salaried_formal,20400.0,154200.0,6,consumer_durable,1.474,0,628.0,8.0,2,1,63,3455.69,0.4646,8,4932.75,18,0.6182,24.0,0.3959,0.3174,1,1
APP0020661,male,metro,31-40,38,upto_secondary,salaried_informal,18100.0,70500.0,6,education,0.7595,1,,,0,1,57,2525.81,0.2922,15,2755.04,11,0.9353,18.0,0.4164,1.0,0,0
APP0020682,female,metro,41-50,47,higher_secondary,salaried_formal,31200.0,145800.0,36,medical,0.1519,1,,,0,0,78,6819.97,0.5477,9,2369.27,16,0.6303,23.0,0.5338,0.2569,0,0
APP0020853,female,tier3,21-30,30,higher_secondary,agri,6900.0,28600.0,12,medical,0.4041,0,593.0,32.0,2,1,53,1935.97,0.8678,7,1105.85,25,0.2279,92.0,0.521,0.5623,0,1
APP0020965,female,metro,31-40,37,higher_secondary,gig_worker,7000.0,37100.0,18,education,0.3445,0,569.0,35.0,2,2,53,2079.0,1.1039,8,1246.02,40,0.3588,38.0,0.1562,0.1866,2,1
APP0021085,female,tier2,31-40,32,graduate,salaried_informal,5600.0,32500.0,24,business_working_capital,0.2829,0,586.0,37.0,0,1,65,856.5,0.8673,6,933.49,36,0.2933,17.0,0.0,0.3081,0,0
APP0021169,male,metro,31-40,36,upto_secondary,agri,6700.0,35100.0,12,education,0.5108,0,538.0,12.0,0,3,46,2113.73,0.7636,11,1957.29,30,0.0599,42.0,0.5871,0.4323,1,1
APP0021199,female,tier2,31-40,40,upto_secondary,salaried_informal,8000.0,52300.0,12,two_wheeler,0.6374,0,631.0,44.0,2,1,56,3130.86,0.4108,9,2118.28,25,0.4053,70.0,0.5187,0.7138,1,0
APP0021263,male,rural,41-50,41,graduate,agri,16000.0,122200.0,6,medical,1.4893,1,,,0,1,50,3366.32,0.0763,10,2476.71,21,0.1462,39.0,0.516,0.5818,1,0
APP0021295,female,rural,31-40,38,higher_secondary,gig_worker,6000.0,28700.0,24,education,0.2332,1,,,0,0,73,1091.36,0.9073,15,757.16,30,0.1405,34.0,1.0,0.9431,1,1
APP0021441,male,metro,21-30,27,graduate,gig_worker,19400.0,26900.0,12,business_working_capital,0.1352,0,666.0,61.0,1,1,79,2192.02,0.3176,10,2255.31,11,1.0,11.0,0.5819,0.0,0,0
APP0021487,female,metro,31-40,36,higher_secondary,salaried_informal,7700.0,63200.0,18,two_wheeler,0.5335,1,,,0,2,42,1499.36,0.9914,6,723.07,32,0.2296,59.0,0.5752,0.1731,1,1
APP0021495,male,tier2,21-30,29,postgraduate,salaried_informal,9100.0,25900.0,24,education,0.1387,0,566.0,48.0,1,2,44,1506.33,0.9991,5,1404.94,37,0.4961,73.0,0.2358,1.0,0,1
APP0021599,male,metro,31-40,33,graduate,self_employed,12400.0,53500.0,12,education,0.4207,0,718.0,50.0,2,1,58,3669.04,0.6901,17,1054.66,21,0.7425,57.0,0.7816,0.7116,0,1
APP0021669,female,metro,41-50,47,graduate,salaried_formal,37000.0,74700.0,6,business_working_capital,0.3937,1,,,0,1,61,12630.72,0.05,16,11432.41,10,0.9241,44.0,0.9608,0.7547,0,0
APP0021671,male,metro,31-40,37,higher_secondary,gig_worker,8400.0,24000.0,12,business_working_capital,0.2786,0,721.0,73.0,2,2,50,2048.66,0.9498,12,4680.14,28,0.64,51.0,0.9168,0.8734,0,0
APP0021859,female,tier3,31-40,32,graduate,agri,7900.0,33200.0,18,business_working_capital,0.2732,1,,,0,1,47,1954.43,0.5606,8,1095.69,30,0.192,44.0,0.8317,0.4049,0,0
APP0021966,male,tier2,31-40,32,graduate,salaried_informal,7200.0,13400.0,24,business_working_capital,0.0907,1,,,0,1,49,1212.45,0.7824,14,803.94,31,0.03,68.0,0.4796,0.8389,0,0
APP0021977,female,tier3,41-50,44,higher_secondary,salaried_formal,50100.0,68000.0,6,business_working_capital,0.2647,0,878.0,30.0,5,2,67,12562.89,0.05,13,15704.01,2,0.634,81.0,0.9441,0.9761,0,0
APP0022013,female,metro,31-40,35,upto_secondary,self_employed,9600.0,70900.0,18,business_working_capital,0.4801,1,,,0,2,64,1627.1,0.291,12,2542.52,19,0.1843,48.0,0.0674,0.7252,0,1
APP0022048,female,metro,51+,59,graduate,gig_worker,8700.0,51600.0,24,business_working_capital,0.2891,0,593.0,13.0,0,2,51,2669.98,0.9253,14,783.48,15,0.683,73.0,0.2245,0.6771,1,0
APP0022067,male,tier2,31-40,33,postgraduate,self_employed,18400.0,57000.0,12,education,0.302,1,,,0,5,65,3227.35,0.9715,10,1247.83,16,0.4135,50.0,0.2081,0.2735,0,0
APP0022216,male,metro,21-30,29,graduate,self_employed,9800.0,46200.0,18,education,0.3064,0,570.0,78.0,1,0,55,2186.78,0.5634,6,610.46,26,0.4821,13.0,0.2621,0.0,1,1
APP0022520,female,tier2,31-40,33,upto_secondary,gig_worker,5700.0,48400.0,12,business_working_capital,0.8279,0,565.0,29.0,0,0,59,1779.56,0.7325,8,1405.58,35,0.0,30.0,0.0,0.2453,1,1
APP0022571,male,tier2,31-40,36,upto_secondary,salaried_formal,18200.0,47200.0,18,business_working_capital,0.1686,0,491.0,47.0,0,2,54,3595.51,1.007,14,1924.38,29,0.2894,30.0,0.6448,0.5347,0,1
APP0022661,female,tier2,41-50,42,postgraduate,salaried_informal,12300.0,68100.0,12,education,0.5398,0,609.0,45.0,0,0,58,3537.23,0.6557,11,1748.36,17,0.8402,18.0,0.5021,0.9349,0,0
APP0022694,female,metro,21-30,27,upto_secondary,self_employed,5900.0,32900.0,12,consumer_durable,0.5437,1,,,0,4,58,1445.04,0.9052,8,875.06,28,0.4155,51.0,1.0,1.0,0,0
APP0022726,male,rural,41-50,43,higher_secondary,agri,6600.0,27700.0,12,business_working_capital,0.4092,1,,,0,1,55,1050.0,1.0893,14,788.93,34,0.196,22.0,0.554,0.1033,0,1
APP0022819,male,metro,21-30,28,upto_secondary,salaried_formal,14000.0,40800.0,12,consumer_durable,0.2841,0,567.0,25.0,1,2,57,2895.44,0.6203,9,3034.46,26,0.6342,10.0,0.4721,0.1923,0,0
APP0022853,female,tier3,31-40,32,upto_secondary,self_employed,14200.0,16500.0,6,consumer_durable,0.2266,1,,,0,1,77,2755.73,0.3486,18,2199.83,19,0.7087,19.0,0.8307,1.0,0,0
APP0022858,female,rural,31-40,36,higher_secondary,salaried_informal,6400.0,9700.0,24,education,0.0739,1,,,0,1,64,1913.87,1.0615,9,657.45,43,0.1628,45.0,0.5998,0.5535,0,0
APP0022877,male,tier3,21-30,25,higher_secondary,gig_worker,9600.0,45300.0,6,business_working_capital,0.9202,1,,,0,2,61,1339.81,0.7965,15,2251.94,39,0.0,24.0,0.2539,0.3902,0,1
APP0022878,female,rural,41-50,46,upto_secondary,salaried_informal,14600.0,58300.0,36,education,0.1298,1,,,0,0,67,4165.49,0.6294,9,5681.71,11,0.942,47.0,0.6831,0.9862,1,0
APP0022892,male,tier3,41-50,41,higher_secondary,gig_worker,8300.0,39000.0,24,consumer_durable,0.2291,1,,,0,2,45,1185.76,0.3699,11,1049.99,20,0.6532,86.0,0.7626,0.717,1,0
APP0022898,female,rural,31-40,34,higher_secondary,gig_worker,6800.0,59900.0,24,business_working_capital,0.4294,0,652.0,24.0,2,6,79,1180.06,0.2251,9,1579.88,8,0.752,19.0,0.0628,0.2382,0,1
APP0023006,female,tier3,21-30,24,graduate,gig_worker,5500.0,36000.0,24,consumer_durable,0.3191,1,,,0,2,56,1179.09,0.4693,5,529.62,27,0.1798,26.0,0.538,0.5679,1,0
APP0023016,female,rural,21-30,27,postgraduate,agri,5400.0,28600.0,18,education,0.3443,0,576.0,4.0,1,2,52,1337.59,0.3257,9,475.14,23,0.3633,46.0,0.2816,0.6774,0,0
APP0023298,female,rural,21-30,30,higher_secondary,salaried_informal,6400.0,41400.0,6,business_working_capital,1.2614,1,,,0,0,62,1973.31,0.4959,8,1335.83,25,0.1287,36.0,0.1948,0.1304,0,1
APP0023404,male,metro,31-40,38,upto_secondary,salaried_informal,7200.0,48800.0,6,consumer_durable,1.3217,0,415.0,53.0,2,0,57,1410.76,1.1477,7,436.48,42,0.0,111.0,0.3153,0.745,0,1
APP0023431,male,rural,31-40,37,graduate,salaried_formal,46500.0,48600.0,6,medical,0.2038,0,801.0,37.0,1,1,82,6443.48,0.05,17,17214.33,2,0.829,41.0,0.6488,0.4119,0,0
APP0023541,female,tier3,31-40,37,upto_secondary,agri,6400.0,74400.0,12,consumer_durable,1.1334,1,,,0,2,56,1829.22,0.8913,14,1663.48,26,0.4654,39.0,0.3882,0.7188,1,1
APP0023684,female,rural,21-30,22,graduate,salaried_formal,16400.0,43000.0,12,consumer_durable,0.2556,1,,,0,4,58,3005.19,0.3916,8,2792.56,18,0.7996,5.0,0.0591,0.0,3,1
APP0023758,female,rural,41-50,41,graduate,salaried_formal,27100.0,99500.0,36,consumer_durable,0.1193,0,629.0,24.0,2,1,61,5860.28,0.4243,15,4436.95,10,1.0,44.0,0.0,0.0891,1,0
APP0024039,female,metro,51+,53,higher_secondary,salaried_informal,8800.0,12200.0,18,education,0.0901,0,656.0,37.0,1,1,62,2589.18,0.6704,8,950.02,21,0.221,68.0,0.4699,0.7926,0,0
APP0024658,male,tier3,51+,52,upto_secondary,gig_worker,5800.0,39900.0,24,two_wheeler,0.3354,1,,,0,2,58,1836.7,1.0355,7,1244.37,35,0.1259,69.0,0.1047,0.7717,1,1
APP0024698,male,metro,31-40,34,graduate,agri,6500.0,41700.0,12,two_wheeler,0.6255,1,,,0,4,62,1048.16,0.5654,14,1070.02,42,0.1959,14.0,0.1244,0.2614,1,0
APP0024829,male,tier2,31-40,31,higher_secondary,salaried_informal,7000.0,38500.0,24,business_working_capital,0.2681,1,,,0,1,42,1343.51,1.1168,9,1729.9,59,0.0,43.0,0.5562,0.7875,1,0
APP0025041,male,tier3,21-30,28,upto_secondary,agri,7100.0,33500.0,12,two_wheeler,0.46,0,483.0,42.0,2,1,67,1031.61,1.0342,17,1766.35,27,0.2937,19.0,0.0267,0.1005,1,1
APP0025196,female,tier3,31-40,37,upto_secondary,self_employed,7000.0,42500.0,12,consumer_durable,0.592,0,624.0,32.0,2,2,48,1362.55,1.3602,9,2449.8,25,0.4217,68.0,0.4585,0.8875,1,1
APP0025297,female,tier2,31-40,31,graduate,salaried_informal,12600.0,96200.0,6,education,1.4888,1,,,0,2,44,2338.81,0.7726,13,1760.9,22,0.6516,80.0,0.6037,0.4876,1,1
APP0025377,female,rural,21-30,28,graduate,gig_worker,7100.0,12700.0,24,business_working_capital,0.0872,1,,,0,0,50,1867.32,1.2333,9,1617.93,29,0.282,55.0,0.3518,0.4945,1,0
APP0025494,male,tier2,31-40,34,higher_secondary,self_employed,12700.0,18900.0,24,two_wheeler,0.0725,0,611.0,27.0,2,1,67,3575.24,0.3372,11,4955.09,8,0.9651,29.0,0.1449,0.69,0,0
APP0025533,male,tier2,31-40,40,graduate,salaried_informal,10400.0,43900.0,24,medical,0.2058,1,,,0,2,56,1992.19,0.2599,12,1297.43,10,0.9586,32.0,0.6948,0.7567,0,0
APP0025579,male,metro,31-40,33,higher_secondary,gig_worker,6400.0,38400.0,12,education,0.585,1,,,0,2,40,1702.49,1.2558,14,576.69,39,0.0,48.0,0.4585,0.6138,0,1
APP0025754,male,tier2,41-50,45,higher_secondary,salaried_formal,22800.0,36700.0,12,two_wheeler,0.1569,0,708.0,43.0,0,2,76,2785.24,0.0515,18,4364.35,8,0.8917,31.0,0.1098,0.3076,0,0
APP0025841,male,tier3,31-40,36,postgraduate,agri,8200.0,29600.0,18,two_wheeler,0.2346,0,490.0,55.0,2,1,46,1807.77,0.7189,10,1182.44,30,0.2092,19.0,0.0,0.0173,0,1
APP0025969,male,tier2,41-50,41,upto_secondary,salaried_informal,6600.0,43700.0,36,education,0.2152,1,,,0,0,53,1212.04,1.3699,7,708.66,43,0.0554,74.0,0.6237,0.7559,0,0
APP0026142,female,tier2,21-30,30,graduate,self_employed,10600.0,39800.0,36,business_working_capital,0.122,1,,,0,0,58,1528.59,0.6248,17,2030.21,17,0.4636,9.0,0.1906,0.8017,1,0
APP0026158,female,tier2,31-40,32,higher_secondary,salaried_informal,9500.0,53200.0,12,consumer_durable,0.546,1,,,0,3,59,2902.44,0.9235,7,2020.56,30,0.2285,25.0,0.5832,0.7108,0,0
APP0026168,female,tier2,31-40,39,higher_secondary,salaried_formal,19100.0,175000.0,12,two_wheeler,0.8933,0,620.0,56.0,3,0,61,4149.67,0.8238,18,9855.06,5,0.603,19.0,0.5133,0.3936,1,1
APP0026195,female,tier2,41-50,44,graduate,salaried_formal,50600.0,263400.0,24,two_wheeler,0.2538,1,,,0,0,89,14165.33,0.05,22,14709.89,5,0.7882,28.0,0.2022,0.0342,0,0
APP0026262,female,rural,21-30,29,postgraduate,gig_worker,5000.0,45900.0,12,business_working_capital,0.895,0,349.0,70.0,2,1,39,1776.92,1.6,8,2064.1,45,0.2322,51.0,0.3164,0.4956,1,1
APP0026271,male,tier3,21-30,29,upto_secondary,agri,6400.0,26600.0,12,business_working_capital,0.4052,1,,,0,0,46,1200.5,1.198,8,736.59,39,0.0,35.0,0.7959,1.0,0,0
APP0026396,female,tier3,31-40,37,higher_secondary,agri,5000.0,19600.0,12,education,0.3822,1,,,0,1,65,1280.57,0.9833,12,595.98,36,0.2311,52.0,0.4296,1.0,0,0
APP0026414,male,tier3,21-30,30,upto_secondary,agri,5800.0,43000.0,24,consumer_durable,0.3614,1,,,0,1,45,1059.71,0.4431,4,1189.93,53,0.0,31.0,0.0585,0.1362,1,1
APP0026857,female,metro,41-50,43,higher_secondary,salaried_informal,8000.0,50200.0,36,two_wheeler,0.2039,1,,,0,3,51,2167.49,1.1267,8,1176.68,23,0.1768,46.0,0.2827,0.2724,0,0
APP0026887,male,rural,21-30,28,graduate,salaried_informal,6800.0,46300.0,18,consumer_durable,0.4426,1,,,0,1,41,1569.37,1.0096,8,541.32,34,0.1994,16.0,0.1305,0.3007,0,1
APP0026962,female,tier2,21-30,29,higher_secondary,self_employed,10900.0,52400.0,24,two_wheeler,0.2344,0,641.0,42.0,1,1,69,3593.88,0.3191,14,2229.18,11,0.2716,45.0,0.0,0.2875,4,0
APP0026966,female,metro,41-50,45,upto_secondary,salaried_informal,10500.0,168200.0,12,consumer_durable,1.5619,1,,,0,1,55,3507.72,0.7303,10,1662.14,20,0.2697,48.0,0.3366,0.0342,1,1
APP0026972,male,metro,31-40,35,upto_secondary,salaried_informal,14500.0,66000.0,6,business_working_capital,0.8876,0,611.0,47.0,2,1,46,3205.65,0.7578,10,3679.38,27,0.2663,60.0,0.6051,0.4494,1,1
APP0027039,female,tier2,31-40,39,graduate,gig_worker,6400.0,7900.0,6,business_working_capital,0.2407,0,486.0,30.0,1,3,56,926.81,0.938,10,396.3,32,0.5792,31.0,0.3351,0.2241,2,0
APP0027130,female,metro,21-30,24,higher_secondary,salaried_formal,32800.0,82200.0,6,business_working_capital,0.4887,1,,,0,1,70,11574.32,0.05,17,16459.79,3,1.0,25.0,1.0,0.7831,1,0
APP0027136,female,metro,31-40,31,upto_secondary,gig_worker,7500.0,34300.0,12,business_working_capital,0.4459,1,,,0,3,51,1224.31,0.6944,16,2874.08,17,0.4726,25.0,0.6071,0.2208,1,1
APP0027194,male,tier2,21-30,30,graduate,self_employed,8100.0,22900.0,12,business_working_capital,0.2756,0,609.0,39.0,0,2,52,938.55,1.1437,13,1238.07,36,0.0,35.0,0.6162,0.4569,2,1
APP0027280,male,tier3,31-40,33,upto_secondary,self_employed,7200.0,38100.0,18,consumer_durable,0.344,1,,,0,0,50,1027.02,0.8592,7,677.7,48,0.3904,62.0,0.6846,0.8481,0,0
APP0027320,female,tier3,31-40,33,graduate,gig_worker,5000.0,24600.0,18,consumer_durable,0.3198,0,591.0,9.0,1,3,51,1360.73,0.7262,9,640.99,28,0.151,40.0,0.5672,0.2706,1,1
APP0027427,male,tier2,21-30,26,higher_secondary,agri,7000.0,11600.0,12,two_wheeler,0.1616,1,,,0,0,46,1808.77,1.1513,7,890.47,48,0.2038,29.0,0.4512,0.7547,2,1
APP0027625,female,rural,31-40,37,graduate,salaried_informal,10200.0,59800.0,12,two_wheeler,0.5716,0,616.0,27.0,1,0,65,1625.6,0.6949,10,2403.52,10,1.0,39.0,0.4779,0.8345,0,0
APP0027652,female,rural,41-50,44,higher_secondary,salaried_informal,6200.0,26100.0,24,consumer_durable,0.2052,1,,,0,3,54,1783.31,0.7431,11,1071.87,26,0.1169,18.0,0.9829,0.5921,1,0
APP0027719,female,metro,21-30,27,higher_secondary,salaried_informal,5000.0,14900.0,18,business_working_capital,0.1937,0,482.0,61.0,0,1,49,1826.92,0.5291,12,1496.5,29,0.1169,80.0,0.8351,0.4497,1,1
APP0027795,female,metro,31-40,33,higher_secondary,self_employed,6600.0,13700.0,18,consumer_durable,0.1349,0,588.0,72.0,0,1,49,928.21,0.7526,7,1081.99,34,0.4737,34.0,0.6327,0.5683,0,1
APP0027832,female,rural,41-50,49,higher_secondary,salaried_informal,18600.0,138400.0,12,business_working_capital,0.7255,0,752.0,27.0,3,2,55,2896.03,0.184,17,5703.42,17,0.6102,51.0,0.991,1.0,0,0
APP0028005,female,rural,31-40,34,higher_secondary,salaried_informal,13900.0,55500.0,6,education,0.7786,1,,,0,2,59,2590.18,0.6542,17,2299.47,22,0.4689,15.0,0.9113,0.8051,0,1
APP0028011,male,rural,41-50,48,graduate,salaried_informal,8700.0,55000.0,18,two_wheeler,0.4109,0,577.0,66.0,1,0,56,1236.11,0.8583,11,1417.83,33,0.437,15.0,0.4278,0.4066,1,0
APP0028077,male,rural,51+,52,upto_secondary,self_employed,12900.0,24500.0,24,two_wheeler,0.0926,0,764.0,68.0,3,2,50,2527.74,0.2665,16,1254.37,23,0.6155,64.0,0.4646,1.0,0,0
APP0028123,male,rural,31-40,35,postgraduate,agri,7500.0,27700.0,6,consumer_durable,0.7202,1,,,0,1,48,900.92,0.9812,14,877.6,27,0.3862,61.0,0.0,0.1948,0,1
APP0028162,female,tier3,31-40,32,graduate,salaried_formal,33600.0,188100.0,24,medical,0.2729,0,858.0,13.0,3,0,67,10498.6,0.458,18,12174.11,7,1.0,100.0,0.8015,0.8577,0,0
APP0028486,male,metro,31-40,34,higher_secondary,salaried_formal,22300.0,129100.0,12,consumer_durable,0.5645,0,774.0,15.0,0,4,60,2533.25,0.5278,8,3108.79,18,0.6146,38.0,0.8251,0.7677,0,0
APP0028505,male,tier2,21-30,26,upto_secondary,salaried_informal,11300.0,111200.0,12,business_working_capital,0.9595,1,,,0,0,57,2864.63,0.9379,12,1033.44,23,0.4044,12.0,0.3346,0.6637,1,0
APP0028643,male,rural,21-30,22,upto_secondary,salaried_informal,15500.0,51300.0,6,medical,0.6454,1,,,0,2,60,3638.86,1.0929,15,4272.17,23,0.5451,59.0,0.0,0.4307,1,1
APP0028715,male,rural,31-40,34,higher_secondary,gig_worker,8700.0,40500.0,12,business_working_capital,0.4539,1,,,0,0,67,1676.29,0.6538,18,1249.3,17,0.4084,28.0,0.5823,0.7076,1,0
APP0028790,female,metro,31-40,34,upto_secondary,gig_worker,11100.0,51300.0,12,two_wheeler,0.4506,1,,,0,2,61,2659.56,0.8032,11,2939.96,17,0.318,44.0,0.5596,0.8263,1,0
APP0028791,female,metro,41-50,43,higher_secondary,salaried_informal,8400.0,30200.0,18,education,0.2337,1,,,0,2,64,1212.85,0.7902,14,1637.75,22,0.6599,36.0,0.5914,0.5548,0,0
APP0028952,female,tier3,21-30,26,upto_secondary,self_employed,5500.0,42200.0,12,consumer_durable,0.7481,1,,,0,3,52,879.1,0.5614,7,550.42,26,0.4437,44.0,0.0,0.4614,0,1
APP0029150,male,tier2,31-40,36,postgraduate,self_employed,5800.0,30400.0,36,business_working_capital,0.1703,0,462.0,6.0,2,3,47,772.52,0.8562,6,589.02,46,0.0,38.0,0.3617,0.5389,1,1
APP0029172,female,metro,41-50,46,higher_secondary,salaried_informal,11400.0,43500.0,6,medical,0.7441,0,557.0,31.0,1,0,71,2348.4,0.5759,20,1557.72,14,0.5768,56.0,0.3875,0.5913,0,1
APP0029206,female,metro,31-40,38,upto_secondary,salaried_informal,8900.0,27400.0,12,consumer_durable,0.3002,1,,,0,2,54,2654.26,0.3812,11,1031.33,20,0.6162,105.0,0.268,0.5825,0,1
APP0029398,female,metro,21-30,29,graduate,salaried_informal,11500.0,82100.0,24,business_working_capital,0.348,0,627.0,44.0,2,2,70,2851.12,0.6235,9,2236.93,17,0.2076,37.0,0.3857,0.0855,0,1
APP0029436,female,metro,31-40,39,upto_secondary,gig_worker,5900.0,22500.0,36,business_working_capital,0.1239,0,492.0,45.0,1,1,53,1278.69,0.6641,13,979.82,24,0.575,31.0,0.4245,0.2291,1,0
APP0029588,male,tier2,21-30,29,graduate,salaried_informal,13000.0,66600.0,24,medical,0.2498,0,570.0,19.0,0,2,50,3096.51,1.4698,11,3542.94,24,0.0,6.0,0.1196,0.2462,1,0
APP0029697,female,metro,21-30,26,higher_secondary,self_employed,5200.0,23800.0,12,business_working_capital,0.4462,1,,,0,3,38,1611.92,1.1927,9,1512.36,27,0.1933,26.0,0.3356,0.2415,0,1
APP0029725,female,rural,21-30,26,higher_secondary,salaried_informal,5900.0,45100.0,12,medical,0.7453,0,508.0,50.0,0,3,49,1733.39,1.1703,9,1002.36,35,0.2066,28.0,0.3285,0.5272,0,1
APP0029756,female,metro,31-40,31,upto_secondary,agri,5700.0,26200.0,12,business_working_capital,0.4482,1,,,0,1,45,1834.75,0.8391,3,766.12,38,0.4998,9.0,0.6709,1.0,0,0
APP0029850,female,tier2,31-40,31,graduate,gig_worker,5000.0,24100.0,18,consumer_durable,0.3133,1,,,0,1,59,913.41,0.378,10,968.83,24,0.1178,19.0,0.0,0.0,2,1
APP0029944,male,tier3,21-30,29,higher_secondary,salaried_formal,22400.0,73100.0,36,two_wheeler,0.1061,0,544.0,62.0,0,2,58,3738.82,0.46,17,8608.63,12,0.9967,34.0,0.0,0.3732,2,0
APP0029963,male,tier2,31-40,38,graduate,gig_worker,5000.0,40900.0,6,business_working_capital,1.5951,1,,,0,3,49,1813.97,0.8195,13,1003.17,41,0.1352,31.0,0.4772,0.7248,1,1
